"rain0","dates"
0.076,2012-01-01
0.00333333333333333,2012-01-02
0,2012-01-03
0,2012-01-04
0,2012-01-05
0,2012-01-06
0,2012-01-07
0,2012-01-08
0,2012-01-09
0,2012-01-10
0.00625,2012-01-11
0.741,2012-01-12
0.027,2012-01-13
0,2012-01-14
0,2012-01-15
0,2012-01-16
0.067,2012-01-17
0,2012-01-18
0,2012-01-19
0,2012-01-20
0,2012-01-21
0,2012-01-22
0.187,2012-01-23
0.001,2012-01-24
0,2012-01-25
0.123,2012-01-26
0.39,2012-01-27
0,2012-01-28
0,2012-01-29
0,2012-01-30
0,2012-01-31
0.0222222222222222,2012-02-01
0,2012-02-02
0,2012-02-03
0,2012-02-04
0,2012-02-05
0,2012-02-06
0,2012-02-07
0,2012-02-08
0,2012-02-09
0.00125,2012-02-10
0.002,2012-02-11
0,2012-02-12
0,2012-02-13
0.00375,2012-02-14
0.007,2012-02-15
0.088,2012-02-16
0.018,2012-02-17
0.0109090909090909,2012-02-18
0,2012-02-19
0,2012-02-20
0,2012-02-21
0,2012-02-22
0,2012-02-23
0.608,2012-02-24
0,2012-02-25
0,2012-02-26
0,2012-02-27
0,2012-02-28
0.0477777777777778,2012-02-29
0.163,2012-03-01
0.059,2012-03-02
0.171,2012-03-03
0,2012-03-04
0,2012-03-05
0,2012-03-06
0,2012-03-07
0,2012-03-08
0.0611111111111111,2012-03-09
0,2012-03-10
0,2012-03-11
0,2012-03-12
0.034,2012-03-13
0,2012-03-14
0,2012-03-15
0.015,2012-03-16
0,2012-03-17
0,2012-03-18
0,2012-03-19
0,2012-03-20
0.001,2012-03-21
0,2012-03-22
0,2012-03-23
0,2012-03-24
0.036,2012-03-25
0.00125,2012-03-26
0,2012-03-27
0.152,2012-03-28
0.00111111111111111,2012-03-29
0.0025,2012-03-30
0.065,2012-03-31
0.119,2012-04-01
0.00111111111111111,2012-04-02
0,2012-04-03
0,2012-04-04
0,2012-04-05
0,2012-04-06
0,2012-04-07
0,2012-04-08
0,2012-04-09
0,2012-04-10
0.00777777777777778,2012-04-11
0.0544444444444444,2012-04-12
0,2012-04-13
0,2012-04-14
0.00555555555555556,2012-04-15
0,2012-04-16
0,2012-04-17
0,2012-04-18
0.00222222222222222,2012-04-19
0,2012-04-20
0.01,2012-04-21
1.278,2012-04-22
0.856,2012-04-23
0.00125,2012-04-24
0.00555555555555556,2012-04-25
0.012,2012-04-26
0.00333333333333333,2012-04-27
0,2012-04-28
0,2012-04-29
0,2012-04-30
0.345,2012-05-01
0.00444444444444444,2012-05-02
0.187,2012-05-03
0.079,2012-05-04
0.002,2012-05-05
0.003,2012-05-06
0.00111111111111111,2012-05-07
0.157,2012-05-08
0.511,2012-05-09
0.334,2012-05-10
0,2012-05-11
0,2012-05-12
0,2012-05-13
0.042,2012-05-14
0.579,2012-05-15
0.074,2012-05-16
0.00125,2012-05-17
0,2012-05-18
0,2012-05-19
0,2012-05-20
0.13,2012-05-21
0.235,2012-05-22
0.001,2012-05-23
0.018,2012-05-24
0.027,2012-05-25
0.081,2012-05-26
0.062,2012-05-27
0.007,2012-05-28
0.1,2012-05-29
0.00222222222222222,2012-05-30
0.000588235294117647,2012-05-31
0.0333333333333333,2012-06-01
1.127,2012-06-02
0.073,2012-06-03
0.012,2012-06-04
0.02,2012-06-05
0.074,2012-06-06
0.029,2012-06-07
0.00888888888888889,2012-06-08
0.00222222222222222,2012-06-09
0,2012-06-10
0,2012-06-11
0.199,2012-06-12
0.556,2012-06-13
0,2012-06-14
0.00125,2012-06-15
0,2012-06-16
0,2012-06-17
0,2012-06-18
0,2012-06-19
0,2012-06-20
0,2012-06-21
0.368,2012-06-22
0.162222222222222,2012-06-23
0.01875,2012-06-24
0.627,2012-06-25
0.00375,2012-06-26
0,2012-06-27
0,2012-06-28
0.015,2012-06-29
0,2012-06-30
0.204,2012-07-01
0.02,2012-07-02
0.00375,2012-07-03
0.0922222222222222,2012-07-04
0,2012-07-05
0,2012-07-06
0.003,2012-07-07
0,2012-07-08
0,2012-07-09
0,2012-07-10
0,2012-07-11
0,2012-07-12
0,2012-07-13
0.0122222222222222,2012-07-14
0.498,2012-07-15
0.005,2012-07-16
0,2012-07-17
0.322,2012-07-18
0.014,2012-07-19
0.271,2012-07-20
0.001,2012-07-21
0,2012-07-22
0.221,2012-07-23
0.068,2012-07-24
0,2012-07-25
0.177,2012-07-26
0.07,2012-07-27
1.048,2012-07-28
0.198,2012-07-29
0.001,2012-07-30
0,2012-07-31
0.115,2012-08-01
0,2012-08-02
0,2012-08-03
0,2012-08-04
0.363,2012-08-05
0.058,2012-08-06
0,2012-08-07
0,2012-08-08
0.002,2012-08-09
1.083,2012-08-10
0.0336363636363636,2012-08-11
0.074,2012-08-12
0,2012-08-13
0.00111111111111111,2012-08-14
0.578,2012-08-15
0.009,2012-08-16
0.184,2012-08-17
0.215454545454545,2012-08-18
0.00125,2012-08-19
0,2012-08-20
0,2012-08-21
0.00111111111111111,2012-08-22
0,2012-08-23
0.001,2012-08-24
0,2012-08-25
0.00111111111111111,2012-08-26
0.058,2012-08-27
0.153,2012-08-28
0,2012-08-29
0.00125,2012-08-30
0,2012-08-31
0.21625,2012-09-01
0.041,2012-09-02
0.00125,2012-09-03
0.343,2012-09-04
0.406,2012-09-05
0.002,2012-09-06
0,2012-09-07
0.475,2012-09-08
0.03,2012-09-09
0.00125,2012-09-10
0,2012-09-11
0,2012-09-12
0.00222222222222222,2012-09-13
0.00125,2012-09-14
0.01,2012-09-15
0,2012-09-16
0,2012-09-17
1.126,2012-09-18
0.035,2012-09-19
0,2012-09-20
0.00125,2012-09-21
0.111818181818182,2012-09-22
0.00333333333333333,2012-09-23
0.002,2012-09-24
0.0025,2012-09-25
0.021,2012-09-26
0.00666666666666667,2012-09-27
1.314,2012-09-28
0.052,2012-09-29
0.0217647058823529,2012-09-30
0,2012-10-01
0.467,2012-10-02
0.014,2012-10-03
0.255,2012-10-04
0.001,2012-10-05
0.019,2012-10-06
0.086,2012-10-07
0,2012-10-08
0.00333333333333333,2012-10-09
0.186,2012-10-10
0,2012-10-11
0.017,2012-10-12
0,2012-10-13
0.014,2012-10-14
0.233,2012-10-15
0.00111111111111111,2012-10-16
0,2012-10-17
0,2012-10-18
0.674,2012-10-19
0.202,2012-10-20
0,2012-10-21
0,2012-10-22
0.066,2012-10-23
0.014,2012-10-24
0.00375,2012-10-25
0,2012-10-26
0,2012-10-27
0.001,2012-10-28
0.293,2012-10-29
0.105,2012-10-30
0.00882352941176471,2012-10-31
0,2012-11-01
0.00111111111111111,2012-11-02
0,2012-11-03
0,2012-11-04
0,2012-11-05
0,2012-11-06
0.135,2012-11-07
0.057,2012-11-08
0,2012-11-09
0,2012-11-10
0,2012-11-11
0.00222222222222222,2012-11-12
0.11,2012-11-13
0,2012-11-14
0,2012-11-15
0,2012-11-16
0,2012-11-17
0,2012-11-18
0,2012-11-19
0,2012-11-20
0,2012-11-21
0,2012-11-22
0.018,2012-11-23
0.00555555555555556,2012-11-24
0,2012-11-25
0,2012-11-26
0,2012-11-27
0,2012-11-28
0,2012-11-29
0,2012-11-30
0.000909090909090909,2012-12-01
0.047,2012-12-02
0,2012-12-03
0.024,2012-12-04
0.005,2012-12-05
0,2012-12-06
0.051,2012-12-07
0.151,2012-12-08
0.09,2012-12-09
0.228,2012-12-10
0.0111111111111111,2012-12-11
0,2012-12-12
0,2012-12-13
0,2012-12-14
0,2012-12-15
0.061,2012-12-16
0.228,2012-12-17
0.54,2012-12-18
0,2012-12-19
0.0433333333333333,2012-12-20
0.754,2012-12-21
0.001,2012-12-22
0,2012-12-23
0.03,2012-12-24
0.029,2012-12-25
0,2012-12-26
0.366,2012-12-27
0,2012-12-28
0,2012-12-29
0,2012-12-30
0,2012-12-31
0,2013-01-01
0,2013-01-02
0,2013-01-03
0,2013-01-04
0,2013-01-05
0.002,2013-01-06
0,2013-01-07
0,2013-01-08
0,2013-01-09
0,2013-01-10
0.185,2013-01-11
0.043,2013-01-12
0.001,2013-01-13
0.019,2013-01-14
0.0533333333333333,2013-01-15
0.337,2013-01-16
0,2013-01-17
0,2013-01-18
0,2013-01-19
0,2013-01-20
0,2013-01-21
0,2013-01-22
0,2013-01-23
0,2013-01-24
0,2013-01-25
0,2013-01-26
0,2013-01-27
0,2013-01-28
0.01,2013-01-29
0.03,2013-01-30
0.25,2013-01-31
0,2013-02-01
0,2013-02-02
0,2013-02-03
0,2013-02-04
0,2013-02-05
0.002,2013-02-06
0,2013-02-07
0,2013-02-08
0,2013-02-09
0,2013-02-10
0,2013-02-11
0,2013-02-12
0.00444444444444444,2013-02-13
0.01,2013-02-14
0,2013-02-15
0.0254545454545455,2013-02-16
0,2013-02-17
0,2013-02-18
0.155,2013-02-19
0,2013-02-20
0,2013-02-21
0,2013-02-22
0.115,2013-02-23
0.034,2013-02-24
0,2013-02-25
0.06,2013-02-26
0.926,2013-02-27
0.00388888888888889,2013-02-28
0,2013-03-01
0,2013-03-02
0,2013-03-03
0,2013-03-04
0,2013-03-05
0.002,2013-03-06
0.074,2013-03-07
0.277,2013-03-08
0,2013-03-09
0,2013-03-10
0,2013-03-11
0.757,2013-03-12
0,2013-03-13
0,2013-03-14
0,2013-03-15
0.004,2013-03-16
0,2013-03-17
0,2013-03-18
0.247,2013-03-19
0,2013-03-20
0.002,2013-03-21
0,2013-03-22
0,2013-03-23
0,2013-03-24
0,2013-03-25
0,2013-03-26
0,2013-03-27
0,2013-03-28
0,2013-03-29
0,2013-03-30
0.0617647058823529,2013-03-31
0.048,2013-04-01
0,2013-04-02
0,2013-04-03
0,2013-04-04
0,2013-04-05
0,2013-04-06
0,2013-04-07
0,2013-04-08
0.007,2013-04-09
0.223,2013-04-10
0.001,2013-04-11
0.335,2013-04-12
0.0322222222222222,2013-04-13
0.00125,2013-04-14
0,2013-04-15
0.01,2013-04-16
0.00333333333333333,2013-04-17
0,2013-04-18
0.061,2013-04-19
0.244,2013-04-20
0,2013-04-21
0,2013-04-22
0.013,2013-04-23
0,2013-04-24
0.0144444444444444,2013-04-25
0,2013-04-26
0,2013-04-27
0,2013-04-28
0.00125,2013-04-29
0,2013-04-30
0,2013-05-01
0,2013-05-02
0,2013-05-03
0,2013-05-04
0,2013-05-05
0,2013-05-06
0,2013-05-07
0.299,2013-05-08
0.154,2013-05-09
0.00222222222222222,2013-05-10
0.252,2013-05-11
0.03,2013-05-12
0,2013-05-13
0,2013-05-14
0.017,2013-05-15
0,2013-05-16
0,2013-05-17
0,2013-05-18
0.19,2013-05-19
0.005,2013-05-20
0.152,2013-05-21
0.076,2013-05-22
0.747,2013-05-23
0.335,2013-05-24
0.278,2013-05-25
0.00444444444444444,2013-05-26
0,2013-05-27
0.067,2013-05-28
0.295,2013-05-29
0.0111111111111111,2013-05-30
0,2013-05-31
0,2013-06-01
0.0355555555555556,2013-06-02
0.635,2013-06-03
0,2013-06-04
0,2013-06-05
0.081,2013-06-06
2.19727272727273,2013-06-07
0.498,2013-06-08
0.10125,2013-06-09
0.752,2013-06-10
0.62,2013-06-11
0,2013-06-12
1.041,2013-06-13
0.436,2013-06-14
0.00125,2013-06-15
0,2013-06-16
0.0722222222222222,2013-06-17
0.286,2013-06-18
0.0025,2013-06-19
0,2013-06-20
0,2013-06-21
0,2013-06-22
0,2013-06-23
0.0677777777777778,2013-06-24
0.0377777777777778,2013-06-25
0.0133333333333333,2013-06-26
0.513,2013-06-27
0.141818181818182,2013-06-28
0.004,2013-06-29
0.0133333333333333,2013-06-30
0.268,2013-07-01
0.023,2013-07-02
0,2013-07-03
0,2013-07-04
0,2013-07-05
0,2013-07-06
0.03,2013-07-07
0.11125,2013-07-08
0.224,2013-07-09
0.172,2013-07-10
0.221,2013-07-11
0.0255555555555556,2013-07-12
0.102,2013-07-13
0.086,2013-07-14
0.005,2013-07-15
0,2013-07-16
0,2013-07-17
0.02875,2013-07-18
0,2013-07-19
0.029,2013-07-20
0.0411111111111111,2013-07-21
0.045,2013-07-22
0.619,2013-07-23
0.064,2013-07-24
0.177777777777778,2013-07-25
0.154,2013-07-26
0.001,2013-07-27
0.006,2013-07-28
0.003,2013-07-29
0,2013-07-30
0,2013-07-31
0.213636363636364,2013-08-01
0.125,2013-08-02
0.0609090909090909,2013-08-03
0.0475,2013-08-04
0.00125,2013-08-05
0,2013-08-06
0.00111111111111111,2013-08-07
0.052,2013-08-08
0.826,2013-08-09
0.00222222222222222,2013-08-10
0,2013-08-11
0.00888888888888889,2013-08-12
0.092,2013-08-13
0,2013-08-14
0,2013-08-15
0.00125,2013-08-16
0.00125,2013-08-17
0.00111111111111111,2013-08-18
0.00111111111111111,2013-08-19
0.002,2013-08-20
0,2013-08-21
0.196,2013-08-22
0,2013-08-23
0,2013-08-24
0.00125,2013-08-25
0.318,2013-08-26
0.461,2013-08-27
0.043,2013-08-28
0.004,2013-08-29
0,2013-08-30
0.0272222222222222,2013-08-31
0.089,2013-09-01
0.35,2013-09-02
0.081,2013-09-03
0,2013-09-04
0.00444444444444444,2013-09-05
0.00125,2013-09-06
0,2013-09-07
0.00125,2013-09-08
0,2013-09-09
0.0463636363636364,2013-09-10
0,2013-09-11
0.646,2013-09-12
0.045,2013-09-13
0,2013-09-14
0,2013-09-15
0.006,2013-09-16
0,2013-09-17
0,2013-09-18
0.001,2013-09-19
0,2013-09-20
0.053,2013-09-21
0.736,2013-09-22
0,2013-09-23
0,2013-09-24
0,2013-09-25
0,2013-09-26
0,2013-09-27
0.00125,2013-09-28
0.00222222222222222,2013-09-29
0.00176470588235294,2013-09-30
0.00111111111111111,2013-10-01
0,2013-10-02
0.002,2013-10-03
0.107777777777778,2013-10-04
0.098,2013-10-05
0.324,2013-10-06
0.224,2013-10-07
0.0025,2013-10-08
0,2013-10-09
0,2013-10-10
0,2013-10-11
0,2013-10-12
0,2013-10-13
0,2013-10-14
0,2013-10-15
0,2013-10-16
0.018,2013-10-17
0.00333333333333333,2013-10-18
0.0155555555555556,2013-10-19
0.0025,2013-10-20
0,2013-10-21
0.00444444444444444,2013-10-22
0,2013-10-23
0,2013-10-24
0,2013-10-25
0,2013-10-26
0,2013-10-27
0,2013-10-28
0,2013-10-29
0.00222222222222222,2013-10-30
0.025,2013-10-31
0.067,2013-11-01
0.001,2013-11-02
0,2013-11-03
0,2013-11-04
0,2013-11-05
0.00125,2013-11-06
0.128,2013-11-07
0.00125,2013-11-08
0,2013-11-09
0.016,2013-11-10
0,2013-11-11
0.025,2013-11-12
0,2013-11-13
0,2013-11-14
0,2013-11-15
0.00222222222222222,2013-11-16
0.029,2013-11-17
0.275555555555556,2013-11-18
0.00125,2013-11-19
0,2013-11-20
0,2013-11-21
0.09,2013-11-22
0.002,2013-11-23
0,2013-11-24
0,2013-11-25
0.165,2013-11-26
1.491,2013-11-27
0,2013-11-28
0,2013-11-29
0,2013-11-30
0.0422222222222222,2013-12-01
0.032,2013-12-02
0.044,2013-12-03
0,2013-12-04
0.02,2013-12-05
0.378,2013-12-06
0.0844444444444444,2013-12-07
0,2013-12-08
0.0763636363636364,2013-12-09
0,2013-12-10
0,2013-12-11
0,2013-12-12
0,2013-12-13
0,2013-12-14
0,2013-12-15
0,2013-12-16
0,2013-12-17
0,2013-12-18
0,2013-12-19
0,2013-12-20
0.00111111111111111,2013-12-21
0.009,2013-12-22
0.508,2013-12-23
0.00125,2013-12-24
0,2013-12-25
0,2013-12-26
0,2013-12-27
0,2013-12-28
0.855,2013-12-29
0,2013-12-30
0,2013-12-31
0,2014-01-01
0,2014-01-02
0,2014-01-03
0,2014-01-04
0,2014-01-05
0.413,2014-01-06
0,2014-01-07
0,2014-01-08
0,2014-01-09
0,2014-01-10
0.51,2014-01-11
0.0288888888888889,2014-01-12
0,2014-01-13
0.324545454545455,2014-01-14
0,2014-01-15
0,2014-01-16
0,2014-01-17
0.046,2014-01-18
0.001,2014-01-19
0.00222222222222222,2014-01-20
0,2014-01-21
0,2014-01-22
0,2014-01-23
0,2014-01-24
0,2014-01-25
0,2014-01-26
0,2014-01-27
0,2014-01-28
0,2014-01-29
0,2014-01-30
0,2014-01-31
0,2014-02-01
0.006,2014-02-02
0,2014-02-03
0,2014-02-04
0,2014-02-05
0,2014-02-06
0,2014-02-07
0,2014-02-08
0,2014-02-09
0,2014-02-10
0,2014-02-11
0,2014-02-12
0,2014-02-13
0.069,2014-02-14
0,2014-02-15
0,2014-02-16
0,2014-02-17
0,2014-02-18
0,2014-02-19
0.0666666666666667,2014-02-20
0.081,2014-02-21
0,2014-02-22
0,2014-02-23
0,2014-02-24
0,2014-02-25
0,2014-02-26
0,2014-02-27
0,2014-02-28
0,2014-03-01
0,2014-03-02
0,2014-03-03
0,2014-03-04
0,2014-03-05
0,2014-03-06
0,2014-03-07
0,2014-03-08
0,2014-03-09
0.001,2014-03-10
0,2014-03-11
0.205,2014-03-12
0,2014-03-13
0,2014-03-14
0.0155555555555556,2014-03-15
0,2014-03-16
0,2014-03-17
0,2014-03-18
0.451111111111111,2014-03-19
0.129,2014-03-20
0,2014-03-21
0,2014-03-22
0,2014-03-23
0,2014-03-24
0,2014-03-25
0,2014-03-26
0,2014-03-27
0.058,2014-03-28
0.981,2014-03-29
0.925,2014-03-30
0.186111111111111,2014-03-31
0,2014-04-01
0,2014-04-02
0.00125,2014-04-03
0.079,2014-04-04
0.05,2014-04-05
0,2014-04-06
0.078,2014-04-07
0.305,2014-04-08
0,2014-04-09
0,2014-04-10
0.03,2014-04-11
0.01,2014-04-12
0,2014-04-13
0,2014-04-14
0.916,2014-04-15
0.0677777777777778,2014-04-16
0,2014-04-17
0,2014-04-18
0,2014-04-19
0,2014-04-20
0,2014-04-21
0.006,2014-04-22
0.0377777777777778,2014-04-23
0,2014-04-24
0,2014-04-25
0.445,2014-04-26
0.0025,2014-04-27
0,2014-04-28
0.01,2014-04-29
0.682222222222222,2014-04-30
0.787,2014-05-01
0.00444444444444444,2014-05-02
0.016,2014-05-03
0.0075,2014-05-04
0,2014-05-05
0,2014-05-06
0,2014-05-07
0.05,2014-05-08
0.101,2014-05-09
0.278,2014-05-10
0.0511111111111111,2014-05-11
0,2014-05-12
0,2014-05-13
0.00125,2014-05-14
0.0536363636363636,2014-05-15
0.27,2014-05-16
0.659,2014-05-17
0,2014-05-18
0,2014-05-19
0,2014-05-20
0.00125,2014-05-21
0.312,2014-05-22
0.245,2014-05-23
0.005,2014-05-24
0.0211111111111111,2014-05-25
0.00555555555555556,2014-05-26
0.216666666666667,2014-05-27
0.027,2014-05-28
0,2014-05-29
0.045,2014-05-30
0.000625,2014-05-31
0,2014-06-01
0,2014-06-02
0.0377777777777778,2014-06-03
0.006,2014-06-04
0.378,2014-06-05
0,2014-06-06
0,2014-06-07
0,2014-06-08
0.293,2014-06-09
0.014,2014-06-10
0.02875,2014-06-11
0.029,2014-06-12
0.401,2014-06-13
0.00222222222222222,2014-06-14
0,2014-06-15
0,2014-06-16
0,2014-06-17
0.002,2014-06-18
0.246,2014-06-19
0,2014-06-20
0,2014-06-21
0,2014-06-22
0,2014-06-23
0.00111111111111111,2014-06-24
0.0244444444444444,2014-06-25
0.0609090909090909,2014-06-26
0,2014-06-27
0,2014-06-28
0,2014-06-29
0,2014-06-30
0,2014-07-01
0.427,2014-07-02
0.446,2014-07-03
0.232,2014-07-04
0,2014-07-05
0,2014-07-06
0.028,2014-07-07
0.019,2014-07-08
0.008,2014-07-09
0,2014-07-10
0,2014-07-11
0,2014-07-12
0.04125,2014-07-13
0.602,2014-07-14
0.416,2014-07-15
0.072,2014-07-16
0,2014-07-17
0,2014-07-18
0,2014-07-19
0,2014-07-20
0,2014-07-21
0,2014-07-22
0.164,2014-07-23
0,2014-07-24
0,2014-07-25
0,2014-07-26
0.137,2014-07-27
0.097,2014-07-28
0,2014-07-29
0,2014-07-30
0,2014-07-31
0.033,2014-08-01
0.088,2014-08-02
0.011,2014-08-03
0.051,2014-08-04
0.035,2014-08-05
0.01125,2014-08-06
0,2014-08-07
0,2014-08-08
0,2014-08-09
0,2014-08-10
0,2014-08-11
0.012,2014-08-12
1.569,2014-08-13
0.00625,2014-08-14
0.00111111111111111,2014-08-15
0,2014-08-16
0.005,2014-08-17
0,2014-08-18
0,2014-08-19
0,2014-08-20
0.014,2014-08-21
0.0355555555555556,2014-08-22
0,2014-08-23
0,2014-08-24
0,2014-08-25
0,2014-08-26
0.064,2014-08-27
0,2014-08-28
0,2014-08-29
0,2014-08-30
0.193888888888889,2014-08-31
0,2014-09-01
0.017,2014-09-02
0,2014-09-03
0,2014-09-04
0,2014-09-05
0.17,2014-09-06
0.0111111111111111,2014-09-07
0,2014-09-08
0,2014-09-09
0,2014-09-10
0,2014-09-11
0,2014-09-12
0.222222222222222,2014-09-13
0,2014-09-14
0,2014-09-15
0.041,2014-09-16
0,2014-09-17
0,2014-09-18
0,2014-09-19
0,2014-09-20
0.541,2014-09-21
0.00111111111111111,2014-09-22
0,2014-09-23
0,2014-09-24
0.085,2014-09-25
0.014,2014-09-26
0,2014-09-27
0,2014-09-28
0.00111111111111111,2014-09-29
0.00368421052631579,2014-09-30
0.363,2014-10-01
0.0255555555555556,2014-10-02
0.00125,2014-10-03
0.535,2014-10-04
0,2014-10-05
0,2014-10-06
0.003,2014-10-07
0.043,2014-10-08
0,2014-10-09
0,2014-10-10
0.184,2014-10-11
0,2014-10-12
0.00555555555555556,2014-10-13
0.008,2014-10-14
0.097,2014-10-15
0.796363636363636,2014-10-16
0,2014-10-17
0.019,2014-10-18
0,2014-10-19
0,2014-10-20
0.0288888888888889,2014-10-21
0.398,2014-10-22
0.065,2014-10-23
0.065,2014-10-24
0.00125,2014-10-25
0.0166666666666667,2014-10-26
0,2014-10-27
0,2014-10-28
0.041,2014-10-29
0,2014-10-30
0.0141176470588235,2014-10-31
0.211,2014-11-01
0,2014-11-02
0,2014-11-03
0,2014-11-04
0,2014-11-05
0.192,2014-11-06
0.00888888888888889,2014-11-07
0,2014-11-08
0,2014-11-09
0,2014-11-10
0,2014-11-11
0,2014-11-12
0.066,2014-11-13
0.0477777777777778,2014-11-14
0,2014-11-15
0,2014-11-16
0.969,2014-11-17
0,2014-11-18
0,2014-11-19
0,2014-11-20
0,2014-11-21
0,2014-11-22
0,2014-11-23
0.584,2014-11-24
0,2014-11-25
0.823,2014-11-26
0.012,2014-11-27
0,2014-11-28
0,2014-11-29
0,2014-11-30
0.0144444444444444,2014-12-01
0.016,2014-12-02
0.096,2014-12-03
0,2014-12-04
0.248,2014-12-05
0.679,2014-12-06
0.0277777777777778,2014-12-07
0,2014-12-08
1.30545454545455,2014-12-09
0.063,2014-12-10
0.003,2014-12-11
0,2014-12-12
0,2014-12-13
0,2014-12-14
0,2014-12-15
0.096,2014-12-16
0.13,2014-12-17
0,2014-12-18
0,2014-12-19
0,2014-12-20
0.016,2014-12-21
0.005,2014-12-22
0.084,2014-12-23
0.394,2014-12-24
0.07,2014-12-25
0,2014-12-26
0,2014-12-27
0.054,2014-12-28
0,2014-12-29
0,2014-12-30
0,2014-12-31
0,2015-01-01
0,2015-01-02
0,2015-01-03
0.208,2015-01-04
0.00375,2015-01-05
0,2015-01-06
0,2015-01-07
0,2015-01-08
0,2015-01-09
0,2015-01-10
0,2015-01-11
0.287,2015-01-12
0,2015-01-13
0,2015-01-14
0,2015-01-15
0,2015-01-16
0,2015-01-17
0.902,2015-01-18
0,2015-01-19
0,2015-01-20
0,2015-01-21
0,2015-01-22
0,2015-01-23
0.397,2015-01-24
0,2015-01-25
0,2015-01-26
0,2015-01-27
0,2015-01-28
0,2015-01-29
0,2015-01-30
0,2015-01-31
0,2015-02-01
0,2015-02-02
0,2015-02-03
0,2015-02-04
0,2015-02-05
0,2015-02-06
0,2015-02-07
0,2015-02-08
0,2015-02-09
0,2015-02-10
0,2015-02-11
0,2015-02-12
0,2015-02-13
0,2015-02-14
0,2015-02-15
0,2015-02-16
0,2015-02-17
0,2015-02-18
0,2015-02-19
0,2015-02-20
0,2015-02-21
0.063,2015-02-22
0,2015-02-23
0,2015-02-24
0,2015-02-25
0,2015-02-26
0,2015-02-27
0,2015-02-28
0,2015-03-01
0,2015-03-02
0,2015-03-03
0.071,2015-03-04
0,2015-03-05
0,2015-03-06
0,2015-03-07
0,2015-03-08
0,2015-03-09
0.0888888888888889,2015-03-10
0.007,2015-03-11
0,2015-03-12
0,2015-03-13
0.475,2015-03-14
0,2015-03-15
0,2015-03-16
0.036,2015-03-17
0,2015-03-18
0,2015-03-19
0,2015-03-20
0.052,2015-03-21
0,2015-03-22
0,2015-03-23
0,2015-03-24
0.04,2015-03-25
0.248,2015-03-26
0.082,2015-03-27
0.044,2015-03-28
0,2015-03-29
0.003,2015-03-30
0.00722222222222222,2015-03-31
0,2015-04-01
0,2015-04-02
0.091,2015-04-03
0.102222222222222,2015-04-04
0.016,2015-04-05
0,2015-04-06
0.107777777777778,2015-04-07
0.125555555555556,2015-04-08
0.008,2015-04-09
0.138,2015-04-10
0,2015-04-11
0,2015-04-12
0,2015-04-13
0.0111111111111111,2015-04-14
0,2015-04-15
0,2015-04-16
0.071,2015-04-17
0,2015-04-18
0,2015-04-19
0.801,2015-04-20
0.256,2015-04-21
0.039,2015-04-22
0,2015-04-23
0,2015-04-24
0,2015-04-25
0,2015-04-26
0,2015-04-27
0,2015-04-28
0,2015-04-29
0,2015-04-30
0,2015-05-01
0,2015-05-02
0,2015-05-03
0,2015-05-04
0,2015-05-05
0.00111111111111111,2015-05-06
0,2015-05-07
0,2015-05-08
0.001,2015-05-09
0,2015-05-10
0,2015-05-11
0.014,2015-05-12
0,2015-05-13
0,2015-05-14
0,2015-05-15
0.194,2015-05-16
0.005,2015-05-17
0,2015-05-18
0.236,2015-05-19
0,2015-05-20
0.00125,2015-05-21
0.00222222222222222,2015-05-22
0,2015-05-23
0,2015-05-24
0,2015-05-25
0,2015-05-26
0.0966666666666667,2015-05-27
0.04,2015-05-28
0,2015-05-29
0,2015-05-30
0.378333333333333,2015-05-31
0.983,2015-06-01
0.21,2015-06-02
0,2015-06-03
0,2015-06-04
0,2015-06-05
0.0588888888888889,2015-06-06
0,2015-06-07
0.013,2015-06-08
0.155,2015-06-09
0,2015-06-10
0,2015-06-11
0.00125,2015-06-12
0.00875,2015-06-13
0,2015-06-14
0.882,2015-06-15
0.003,2015-06-16
0,2015-06-17
0,2015-06-18
0.02,2015-06-19
0.064,2015-06-20
0.424,2015-06-21
0,2015-06-22
0.142,2015-06-23
0,2015-06-24
0.01,2015-06-25
0,2015-06-26
0.214,2015-06-27
0.472,2015-06-28
0.002,2015-06-29
0.00352941176470588,2015-06-30
0.434,2015-07-01
0,2015-07-02
0,2015-07-03
0.00444444444444444,2015-07-04
0,2015-07-05
0,2015-07-06
0.347,2015-07-07
0.012,2015-07-08
0.041,2015-07-09
0.0533333333333333,2015-07-10
0,2015-07-11
0,2015-07-12
0,2015-07-13
0.232,2015-07-14
0.026,2015-07-15
0,2015-07-16
0,2015-07-17
0.0211111111111111,2015-07-18
0,2015-07-19
0,2015-07-20
0.0311111111111111,2015-07-21
0,2015-07-22
0,2015-07-23
0.00875,2015-07-24
0,2015-07-25
0.08,2015-07-26
0.07,2015-07-27
0,2015-07-28
0,2015-07-29
0.37,2015-07-30
0,2015-07-31
0.005,2015-08-01
0,2015-08-02
0,2015-08-03
0.1,2015-08-04
0,2015-08-05
0,2015-08-06
0,2015-08-07
0,2015-08-08
0,2015-08-09
0,2015-08-10
0.851,2015-08-11
0.0255555555555556,2015-08-12
0,2015-08-13
0,2015-08-14
0.0622222222222222,2015-08-15
0,2015-08-16
0,2015-08-17
0.046,2015-08-18
0,2015-08-19
0.019,2015-08-20
0.25,2015-08-21
0,2015-08-22
0.004,2015-08-23
0.059,2015-08-24
0.058,2015-08-25
0,2015-08-26
0,2015-08-27
0,2015-08-28
0,2015-08-29
0.01875,2015-08-30
0,2015-08-31
0,2015-09-01
0,2015-09-02
0,2015-09-03
0,2015-09-04
0,2015-09-05
0,2015-09-06
0,2015-09-07
0,2015-09-08
0.037,2015-09-09
0.841,2015-09-10
0.122222222222222,2015-09-11
0.12,2015-09-12
0.174,2015-09-13
0,2015-09-14
0,2015-09-15
0,2015-09-16
0,2015-09-17
0,2015-09-18
0,2015-09-19
0,2015-09-20
0,2015-09-21
0,2015-09-22
0,2015-09-23
0,2015-09-24
0,2015-09-25
0,2015-09-26
0,2015-09-27
0,2015-09-28
0.245,2015-09-29
0.711111111111111,2015-09-30
0.0336363636363636,2015-10-01
0.331,2015-10-02
0.07,2015-10-03
0,2015-10-04
0,2015-10-05
0,2015-10-06
0,2015-10-07
0,2015-10-08
0.183,2015-10-09
0,2015-10-10
0,2015-10-11
0,2015-10-12
0.017,2015-10-13
0,2015-10-14
0,2015-10-15
0,2015-10-16
0,2015-10-17
0,2015-10-18
0,2015-10-19
0,2015-10-20
0,2015-10-21
0,2015-10-22
0,2015-10-23
0,2015-10-24
0.028,2015-10-25
0,2015-10-26
0,2015-10-27
0.620909090909091,2015-10-28
0.349,2015-10-29
0,2015-10-30
0,2015-10-31
0,2015-11-01
0,2015-11-02
0,2015-11-03
0,2015-11-04
0.008,2015-11-05
0,2015-11-06
0,2015-11-07
0,2015-11-08
0,2015-11-09
0.148,2015-11-10
0.11,2015-11-11
0.107,2015-11-12
0,2015-11-13
0,2015-11-14
0,2015-11-15
0,2015-11-16
0,2015-11-17
0,2015-11-18
0.6,2015-11-19
0.267777777777778,2015-11-20
0,2015-11-21
0.03,2015-11-22
0,2015-11-23
0,2015-11-24
0,2015-11-25
0,2015-11-26
0,2015-11-27
0.0633333333333333,2015-11-28
0,2015-11-29
0,2015-11-30
0.161111111111111,2015-12-01
0.171111111111111,2015-12-02
0,2015-12-03
0,2015-12-04
0,2015-12-05
0,2015-12-06
0,2015-12-07
0,2015-12-08
0,2015-12-09
0.01,2015-12-10
0,2015-12-11
0,2015-12-12
0,2015-12-13
0.286666666666667,2015-12-14
0.06375,2015-12-15
0,2015-12-16
0.546666666666667,2015-12-17
0.0025,2015-12-18
0,2015-12-19
0,2015-12-20
0,2015-12-21
0.157272727272727,2015-12-22
0.831818181818182,2015-12-23
0.033,2015-12-24
0,2015-12-25
0,2015-12-26
0.118,2015-12-27
0.03,2015-12-28
0.409,2015-12-29
0.0754545454545455,2015-12-30
0.0325,2015-12-31
0,2016-01-01
0,2016-01-02
0,2016-01-03
0,2016-01-04
0,2016-01-05
0,2016-01-06
0,2016-01-07
0,2016-01-08
0,2016-01-09
1.094,2016-01-10
0,2016-01-11
0,2016-01-12
0,2016-01-13
0,2016-01-14
0,2016-01-15
0.222,2016-01-16
0.005,2016-01-17
0,2016-01-18
0,2016-01-19
0,2016-01-20
0,2016-01-21
0,2016-01-22
0,2016-01-23
0,2016-01-24
0,2016-01-25
0,2016-01-26
0,2016-01-27
0,2016-01-28
0.001,2016-01-29
0,2016-01-30
0,2016-01-31
0,2016-02-01
0,2016-02-02
0.681,2016-02-03
0.034,2016-02-04
0.307,2016-02-05
0,2016-02-06
0,2016-02-07
0,2016-02-08
0,2016-02-09
0,2016-02-10
0,2016-02-11
0,2016-02-12
0,2016-02-13
0,2016-02-14
0,2016-02-15
0.468,2016-02-16
0.00375,2016-02-17
0,2016-02-18
0,2016-02-19
0.00125,2016-02-20
0.00666666666666667,2016-02-21
0,2016-02-22
0.072,2016-02-23
0.934,2016-02-24
0.41,2016-02-25
0.00125,2016-02-26
0,2016-02-27
0,2016-02-28
0.0127777777777778,2016-02-29
0.0866666666666667,2016-03-01
0.17,2016-03-02
0,2016-03-03
0,2016-03-04
0,2016-03-05
0,2016-03-06
0,2016-03-07
0,2016-03-08
0,2016-03-09
0.00666666666666667,2016-03-10
0.0277777777777778,2016-03-11
0,2016-03-12
0,2016-03-13
0.353,2016-03-14
0.083,2016-03-15
0.071,2016-03-16
0.012,2016-03-17
0.00125,2016-03-18
0,2016-03-19
0.0111111111111111,2016-03-20
0.065,2016-03-21
0,2016-03-22
0,2016-03-23
0,2016-03-24
0.024,2016-03-25
0,2016-03-26
0,2016-03-27
0.475,2016-03-28
0,2016-03-29
0,2016-03-30
0.00411764705882353,2016-03-31
0.1,2016-04-01
0.306,2016-04-02
0.329,2016-04-03
0,2016-04-04
0,2016-04-05
0,2016-04-06
0.36,2016-04-07
0,2016-04-08
0,2016-04-09
0,2016-04-10
0.022,2016-04-11
0.173,2016-04-12
0,2016-04-13
0,2016-04-14
0,2016-04-15
0,2016-04-16
0,2016-04-17
0,2016-04-18
0,2016-04-19
0,2016-04-20
0,2016-04-21
0.097,2016-04-22
0.085,2016-04-23
0,2016-04-24
0,2016-04-25
0.205,2016-04-26
0,2016-04-27
0.003,2016-04-28
0.0366666666666667,2016-04-29
0.001875,2016-04-30
0.084,2016-05-01
0.153,2016-05-02
0.304,2016-05-03
0.102222222222222,2016-05-04
0.0255555555555556,2016-05-05
0.288,2016-05-06
0.083,2016-05-07
0.087,2016-05-08
0,2016-05-09
0,2016-05-10
0,2016-05-11
0,2016-05-12
0.164,2016-05-13
0.042,2016-05-14
0,2016-05-15
0,2016-05-16
0,2016-05-17
0,2016-05-18
0.00666666666666667,2016-05-19
0,2016-05-20
0.00444444444444444,2016-05-21
0.019,2016-05-22
0.0422222222222222,2016-05-23
0.292,2016-05-24
0,2016-05-25
0,2016-05-26
0.01,2016-05-27
0.00125,2016-05-28
0.003,2016-05-29
0.719,2016-05-30
0.000555555555555556,2016-05-31
0,2016-06-01
0,2016-06-02
0.045,2016-06-03
0.001,2016-06-04
0.669,2016-06-05
0,2016-06-06
0.0225,2016-06-07
0.0266666666666667,2016-06-08
0,2016-06-09
0,2016-06-10
0.166,2016-06-11
0,2016-06-12
0,2016-06-13
0,2016-06-14
0,2016-06-15
0.00111111111111111,2016-06-16
0.00125,2016-06-17
0,2016-06-18
0,2016-06-19
0,2016-06-20
0.0175,2016-06-21
0,2016-06-22
0,2016-06-23
0,2016-06-24
0,2016-06-25
0,2016-06-26
0.00777777777777778,2016-06-27
0.091,2016-06-28
0.02,2016-06-29
0,2016-06-30
0.329,2016-07-01
0,2016-07-02
0,2016-07-03
0.0211111111111111,2016-07-04
0.33,2016-07-05
0,2016-07-06
0.338,2016-07-07
0,2016-07-08
0.043,2016-07-09
0.112,2016-07-10
0,2016-07-11
0,2016-07-12
0,2016-07-13
0.28,2016-07-14
0,2016-07-15
0,2016-07-16
0,2016-07-17
0.175555555555556,2016-07-18
0,2016-07-19
0,2016-07-20
0,2016-07-21
0.0225,2016-07-22
0,2016-07-23
0,2016-07-24
0.287777777777778,2016-07-25
0,2016-07-26
0,2016-07-27
0.00125,2016-07-28
0.239,2016-07-29
0.079,2016-07-30
0.183333333333333,2016-07-31
0.033,2016-08-01
0.153,2016-08-02
0,2016-08-03
0,2016-08-04
0,2016-08-05
0.065,2016-08-06
0,2016-08-07
0,2016-08-08
0,2016-08-09
0.601,2016-08-10
0.197,2016-08-11
0.0555555555555556,2016-08-12
0.212,2016-08-13
0.0744444444444445,2016-08-14
0,2016-08-15
0.096,2016-08-16
0.0277777777777778,2016-08-17
0.00666666666666667,2016-08-18
0,2016-08-19
0.00666666666666667,2016-08-20
0.589090909090909,2016-08-21
0.35125,2016-08-22
0,2016-08-23
0,2016-08-24
0,2016-08-25
0,2016-08-26
0,2016-08-27
0,2016-08-28
0,2016-08-29
0,2016-08-30
0,2016-08-31
0.211,2016-09-01
0,2016-09-02
0,2016-09-03
0,2016-09-04
0,2016-09-05
0.081,2016-09-06
0.029,2016-09-07
0.056,2016-09-08
0,2016-09-09
0.01,2016-09-10
0.047,2016-09-11
0,2016-09-12
0,2016-09-13
0.025,2016-09-14
0,2016-09-15
0,2016-09-16
0,2016-09-17
0.00888888888888889,2016-09-18
0.65,2016-09-19
0.003,2016-09-20
0,2016-09-21
0,2016-09-22
0.0633333333333333,2016-09-23
0.0511111111111111,2016-09-24
0,2016-09-25
0,2016-09-26
0.322,2016-09-27
0,2016-09-28
0,2016-09-29
0.075,2016-09-30
0.032,2016-10-01
0,2016-10-02
0.032,2016-10-03
0.0025,2016-10-04
0,2016-10-05
0,2016-10-06
0,2016-10-07
0.14,2016-10-08
0.437,2016-10-09
0,2016-10-10
0,2016-10-11
0,2016-10-12
0.002,2016-10-13
0,2016-10-14
0,2016-10-15
0,2016-10-16
0,2016-10-17
0,2016-10-18
0,2016-10-19
0.002,2016-10-20
0.311,2016-10-21
0.214,2016-10-22
0.00125,2016-10-23
0.061,2016-10-24
0,2016-10-25
0,2016-10-26
0.873,2016-10-27
0.036,2016-10-28
0.00125,2016-10-29
0.433,2016-10-30
0,2016-10-31
0,2016-11-01
0,2016-11-02
0.001,2016-11-03
0,2016-11-04
0,2016-11-05
0.0075,2016-11-06
0,2016-11-07
0,2016-11-08
0.006,2016-11-09
0,2016-11-10
0,2016-11-11
0,2016-11-12
0,2016-11-13
0,2016-11-14
0.642,2016-11-15
0.00545454545454545,2016-11-16
0,2016-11-17
0,2016-11-18
0.00125,2016-11-19
0.405,2016-11-20
0,2016-11-21
0,2016-11-22
0,2016-11-23
0.034,2016-11-24
0.007,2016-11-25
0,2016-11-26
0.00125,2016-11-27
0,2016-11-28
0.861818181818182,2016-11-29
0.238888888888889,2016-11-30
0.14,2016-12-01
0,2016-12-02
0,2016-12-03
0,2016-12-04
0.053,2016-12-05
0.124444444444444,2016-12-06
0.0766666666666667,2016-12-07
0,2016-12-08
0,2016-12-09
0,2016-12-10
0,2016-12-11
0.467777777777778,2016-12-12
0,2016-12-13
0,2016-12-14
0,2016-12-15
0,2016-12-16
0,2016-12-17
0.078,2016-12-18
0,2016-12-19
0,2016-12-20
0,2016-12-21
0,2016-12-22
0,2016-12-23
0.398,2016-12-24
0,2016-12-25
0.012,2016-12-26
0.008,2016-12-27
0,2016-12-28
0.449,2016-12-29
0.00111111111111111,2016-12-30
0.00625,2016-12-31
0.0188888888888889,2017-01-01
0,2017-01-02
0.518888888888889,2017-01-03
0.0155555555555556,2017-01-04
0,2017-01-05
0,2017-01-06
0,2017-01-07
0,2017-01-08
0,2017-01-09
0,2017-01-10
0.261,2017-01-11
0.185,2017-01-12
0,2017-01-13
0,2017-01-14
0,2017-01-15
0,2017-01-16
0.108,2017-01-17
0.072,2017-01-18
0,2017-01-19
0.01,2017-01-20
0,2017-01-21
0,2017-01-22
0.4,2017-01-23
0.517,2017-01-24
0.02,2017-01-25
0.013,2017-01-26
0,2017-01-27
0,2017-01-28
0,2017-01-29
0,2017-01-30
0,2017-01-31
0.009,2017-02-01
0,2017-02-02
0,2017-02-03
0,2017-02-04
0,2017-02-05
0,2017-02-06
0.106,2017-02-07
0.017,2017-02-08
0,2017-02-09
0,2017-02-10
0,2017-02-11
0,2017-02-12
0,2017-02-13
0,2017-02-14
0.02,2017-02-15
0,2017-02-16
0,2017-02-17
0,2017-02-18
0,2017-02-19
0,2017-02-20
0,2017-02-21
0,2017-02-22
0,2017-02-23
0,2017-02-24
0.269,2017-02-25
0,2017-02-26
0,2017-02-27
0.000555555555555556,2017-02-28
0.115,2017-03-01
0,2017-03-02
0,2017-03-03
0,2017-03-04
0,2017-03-05
0,2017-03-06
0.019,2017-03-07
0.085,2017-03-08
0,2017-03-09
0,2017-03-10
0,2017-03-11
0,2017-03-12
0,2017-03-13
0,2017-03-14
0,2017-03-15
0,2017-03-16
0,2017-03-17
0,2017-03-18
0,2017-03-19
0,2017-03-20
0,2017-03-21
0,2017-03-22
0,2017-03-23
0.00875,2017-03-24
0.0166666666666667,2017-03-25
0.0166666666666667,2017-03-26
0.371111111111111,2017-03-27
0.386666666666667,2017-03-28
0.00375,2017-03-29
0.00222222222222222,2017-03-30
0.366111111111111,2017-03-31
0.156,2017-04-01
0,2017-04-02
0.01,2017-04-03
0.971,2017-04-04
0.00222222222222222,2017-04-05
0.689,2017-04-06
0.00333333333333333,2017-04-07
0,2017-04-08
0,2017-04-09
0,2017-04-10
0,2017-04-11
0.0277777777777778,2017-04-12
0,2017-04-13
0,2017-04-14
0.00666666666666667,2017-04-15
0.05,2017-04-16
0,2017-04-17
0,2017-04-18
0.0877777777777778,2017-04-19
0.077,2017-04-20
0.228,2017-04-21
0.029,2017-04-22
0,2017-04-23
0,2017-04-24
0.562,2017-04-25
0.211,2017-04-26
0.001,2017-04-27
0.009,2017-04-28
0.00222222222222222,2017-04-29
0.00882352941176471,2017-04-30
0,2017-05-01
0.074,2017-05-02
0,2017-05-03
0,2017-05-04
1.12,2017-05-05
0.132,2017-05-06
0.011,2017-05-07
0,2017-05-08
0,2017-05-09
0,2017-05-10
0,2017-05-11
0,2017-05-12
0.757,2017-05-13
0.238888888888889,2017-05-14
0.032,2017-05-15
0,2017-05-16
0,2017-05-17
0.0233333333333333,2017-05-18
0.00125,2017-05-19
0,2017-05-20
0,2017-05-21
0.257,2017-05-22
0,2017-05-23
0.0255555555555556,2017-05-24
0.51,2017-05-25
0.349,2017-05-26
0,2017-05-27
0,2017-05-28
0.116,2017-05-29
0,2017-05-30
0.157777777777778,2017-05-31
0.06,2017-06-01
0.00666666666666667,2017-06-02
0.00666666666666667,2017-06-03
0.177,2017-06-04
0.136,2017-06-05
0.23,2017-06-06
0,2017-06-07
0,2017-06-08
0,2017-06-09
0,2017-06-10
0,2017-06-11
0,2017-06-12
0,2017-06-13
0,2017-06-14
0,2017-06-15
0.282,2017-06-16
0.018,2017-06-17
0.016,2017-06-18
0.434,2017-06-19
0.064,2017-06-20
0.005,2017-06-21
0,2017-06-22
0.00272727272727273,2017-06-23
0.27625,2017-06-24
0.0075,2017-06-25
0,2017-06-26
0.117,2017-06-27
0,2017-06-28
0,2017-06-29
0.196470588235294,2017-06-30
0.05,2017-07-01
0.023,2017-07-02
0,2017-07-03
0,2017-07-04
0,2017-07-05
0.00333333333333333,2017-07-06
0.89,2017-07-07
0.018,2017-07-08
0,2017-07-09
0.00222222222222222,2017-07-10
0.553,2017-07-11
0.334,2017-07-12
0.274,2017-07-13
0.093,2017-07-14
0.033,2017-07-15
0,2017-07-16
0,2017-07-17
0.006,2017-07-18
0,2017-07-19
0.07125,2017-07-20
0,2017-07-21
0.0025,2017-07-22
0,2017-07-23
0.48,2017-07-24
0,2017-07-25
0,2017-07-26
0.004,2017-07-27
0,2017-07-28
0,2017-07-29
0,2017-07-30
0,2017-07-31
0.01125,2017-08-01
0.247,2017-08-02
0.002,2017-08-03
0.012,2017-08-04
0.868,2017-08-05
0,2017-08-06
0.211,2017-08-07
0.003,2017-08-08
0,2017-08-09
0,2017-08-10
0.038,2017-08-11
0.192,2017-08-12
0.00111111111111111,2017-08-13
0,2017-08-14
0.072,2017-08-15
0,2017-08-16
0,2017-08-17
0.235,2017-08-18
0.002,2017-08-19
0,2017-08-20
0,2017-08-21
0.13,2017-08-22
0.02,2017-08-23
0,2017-08-24
0.0155555555555556,2017-08-25
0,2017-08-26
0,2017-08-27
0,2017-08-28
0.118,2017-08-29
0.06,2017-08-30
0.000588235294117647,2017-08-31
0,2017-09-01
0.07,2017-09-02
0.544,2017-09-03
0,2017-09-04
0.0763636363636364,2017-09-05
0.785,2017-09-06
0.054,2017-09-07
0.02,2017-09-08
0,2017-09-09
0,2017-09-10
0,2017-09-11
0,2017-09-12
0,2017-09-13
0.011,2017-09-14
0.001,2017-09-15
0,2017-09-16
0,2017-09-17
0,2017-09-18
0.101,2017-09-19
0.00111111111111111,2017-09-20
0,2017-09-21
0,2017-09-22
0,2017-09-23
0,2017-09-24
0,2017-09-25
0.001,2017-09-26
0,2017-09-27
0.001,2017-09-28
0,2017-09-29
0.0855555555555556,2017-09-30
0,2017-10-01
0,2017-10-02
0,2017-10-03
0,2017-10-04
0.003,2017-10-05
0.002,2017-10-06
0,2017-10-07
0.267,2017-10-08
0.21,2017-10-09
0,2017-10-10
0.025,2017-10-11
0.083,2017-10-12
0,2017-10-13
0.052,2017-10-14
0.014,2017-10-15
0.011,2017-10-16
0,2017-10-17
0,2017-10-18
0,2017-10-19
0,2017-10-20
0,2017-10-21
0,2017-10-22
0,2017-10-23
1.998,2017-10-24
0.562,2017-10-25
0.462,2017-10-26
0,2017-10-27
0,2017-10-28
2.959,2017-10-29
0.134,2017-10-30
0,2017-10-31
0.003,2017-11-01
0,2017-11-02
0.002,2017-11-03
0,2017-11-04
0.066,2017-11-05
0.035,2017-11-06
0.271,2017-11-07
0.016,2017-11-08
0,2017-11-09
0.007,2017-11-10
0,2017-11-11
0,2017-11-12
0.014,2017-11-13
0.014,2017-11-14
0,2017-11-15
0.203,2017-11-16
0,2017-11-17
0.133,2017-11-18
0.221,2017-11-19
0.00111111111111111,2017-11-20
0,2017-11-21
0.377,2017-11-22
0,2017-11-23
0,2017-11-24
0,2017-11-25
0,2017-11-26
0,2017-11-27
0,2017-11-28
0,2017-11-29
0.00705882352941176,2017-11-30
0.026,2017-12-01
0,2017-12-02
0,2017-12-03
0,2017-12-04
0.376,2017-12-05
0.065,2017-12-06
0,2017-12-07
0,2017-12-08
0.26,2017-12-09
0.011,2017-12-10
0.00333333333333333,2017-12-11
0.145,2017-12-12
0,2017-12-13
0,2017-12-14
0,2017-12-15
0,2017-12-16
0,2017-12-17
0,2017-12-18
0,2017-12-19
0,2017-12-20
0,2017-12-21
0,2017-12-22
0.39,2017-12-23
0.002,2017-12-24
0,2017-12-25
0,2017-12-26
0,2017-12-27
0,2017-12-28
0,2017-12-29
0,2017-12-30
0,2017-12-31
0,2018-01-01
0,2018-01-02
0,2018-01-03
0,2018-01-04
0,2018-01-05
0,2018-01-06
0,2018-01-07
0,2018-01-08
0,2018-01-09
0,2018-01-10
0,2018-01-11
0.962,2018-01-12
0.263,2018-01-13
0,2018-01-14
0,2018-01-15
0,2018-01-16
0,2018-01-17
0,2018-01-18
0,2018-01-19
0,2018-01-20
0,2018-01-21
0.012,2018-01-22
0.586,2018-01-23
0,2018-01-24
0,2018-01-25
0,2018-01-26
0,2018-01-27
0.102,2018-01-28
0,2018-01-29
0,2018-01-30
0,2018-01-31
0.096,2018-02-01
0,2018-02-02
0,2018-02-03
0.692,2018-02-04
0,2018-02-05
0,2018-02-06
0,2018-02-07
0,2018-02-08
0,2018-02-09
0.305,2018-02-10
0.779,2018-02-11
0.003,2018-02-12
0,2018-02-13
0.004,2018-02-14
0.107,2018-02-15
0.07,2018-02-16
0.317,2018-02-17
0.077,2018-02-18
0.122,2018-02-19
0.001,2018-02-20
0.004,2018-02-21
0.151,2018-02-22
0.168,2018-02-23
0.138,2018-02-24
0.666,2018-02-25
0,2018-02-26
0,2018-02-27
0,2018-02-28
0.064,2018-03-01
1.265,2018-03-02
0.001,2018-03-03
0.015,2018-03-04
0.003,2018-03-05
0.00222222222222222,2018-03-06
0.568,2018-03-07
0.031,2018-03-08
0,2018-03-09
0,2018-03-10
0,2018-03-11
0.00181818181818182,2018-03-12
0.249,2018-03-13
0.001,2018-03-14
0,2018-03-15
0,2018-03-16
0,2018-03-17
0,2018-03-18
0,2018-03-19
0,2018-03-20
0.098,2018-03-21
0.012,2018-03-22
0,2018-03-23
0,2018-03-24
0,2018-03-25
0,2018-03-26
0,2018-03-27
0.004,2018-03-28
0.001,2018-03-29
0.057,2018-03-30
0,2018-03-31
0.007,2018-04-01
0.299,2018-04-02
0.41,2018-04-03
0.093,2018-04-04
0,2018-04-05
0.116,2018-04-06
0.00444444444444444,2018-04-07
0,2018-04-08
0,2018-04-09
0.061,2018-04-10
0.00555555555555556,2018-04-11
0.01,2018-04-12
0,2018-04-13
0,2018-04-14
0.281,2018-04-15
2.102,2018-04-16
0.013,2018-04-17
0,2018-04-18
0.217,2018-04-19
0,2018-04-20
0,2018-04-21
0,2018-04-22
0,2018-04-23
0,2018-04-24
0.636666666666667,2018-04-25
0.012,2018-04-26
0.263,2018-04-27
0.005,2018-04-28
0.112,2018-04-29
0.00388888888888889,2018-04-30
0,2018-05-01
0,2018-05-02
0.122,2018-05-03
0.003,2018-05-04
0,2018-05-05
0.141,2018-05-06
0,2018-05-07
0,2018-05-08
0,2018-05-09
0.052,2018-05-10
0,2018-05-11
0.123,2018-05-12
0.004,2018-05-13
0.003,2018-05-14
0.577,2018-05-15
0.135,2018-05-16
0.141,2018-05-17
0,2018-05-18
0.514,2018-05-19
0.039,2018-05-20
0,2018-05-21
0.141,2018-05-22
0.097,2018-05-23
0,2018-05-24
0,2018-05-25
0,2018-05-26
0.064,2018-05-27
0.002,2018-05-28
0,2018-05-29
0,2018-05-30
0.0211111111111111,2018-05-31
0.043,2018-06-01
0.37,2018-06-02
0.014,2018-06-03
0.491,2018-06-04
0.044,2018-06-05
0,2018-06-06
0,2018-06-07
0,2018-06-08
0,2018-06-09
0,2018-06-10
0,2018-06-11
0,2018-06-12
0.009,2018-06-13
0,2018-06-14
0.022,2018-06-15
0,2018-06-16
0,2018-06-17
0.199,2018-06-18
0.023,2018-06-19
0.007,2018-06-20
0.092,2018-06-21
0.002,2018-06-22
0.014,2018-06-23
0.411818181818182,2018-06-24
0,2018-06-25
0,2018-06-26
0.102,2018-06-27
1.11909090909091,2018-06-28
0,2018-06-29
0,2018-06-30
0,2018-07-01
0,2018-07-02
0.112,2018-07-03
0.198,2018-07-04
0,2018-07-05
0.124,2018-07-06
0,2018-07-07
0,2018-07-08
0,2018-07-09
0.00666666666666667,2018-07-10
0.035,2018-07-11
0,2018-07-12
0,2018-07-13
0.097,2018-07-14
0.051,2018-07-15
0.09,2018-07-16
1.322,2018-07-17
0,2018-07-18
0,2018-07-19
0,2018-07-20
0.029,2018-07-21
1.011,2018-07-22
0.161,2018-07-23
0.048,2018-07-24
0.783,2018-07-25
0.28,2018-07-26
0.0881818181818182,2018-07-27
0.069,2018-07-28
0,2018-07-29
0,2018-07-30
0,2018-07-31
0.142,2018-08-01
0.500909090909091,2018-08-02
0.0190909090909091,2018-08-03
0.946,2018-08-04
0,2018-08-05
0,2018-08-06
0.247,2018-08-07
0.257272727272727,2018-08-08
0.196,2018-08-09
0.0111111111111111,2018-08-10
0.395,2018-08-11
0.136,2018-08-12
0.613,2018-08-13
0.073,2018-08-14
0,2018-08-15
0,2018-08-16
0.179,2018-08-17
0.461,2018-08-18
0.043,2018-08-19
0,2018-08-20
0,2018-08-21
0.122,2018-08-22
0.006,2018-08-23
0,2018-08-24
0,2018-08-25
0,2018-08-26
0,2018-08-27
0,2018-08-28
0,2018-08-29
0,2018-08-30
0,2018-08-31
0.00111111111111111,2018-09-01
0,2018-09-02
0,2018-09-03
0,2018-09-04
0,2018-09-05
0.382,2018-09-06
0.093,2018-09-07
0.0144444444444444,2018-09-08
0.0122222222222222,2018-09-09
1.058,2018-09-10
0.115,2018-09-11
0.547,2018-09-12
0.2,2018-09-13
0.004,2018-09-14
0,2018-09-15
0,2018-09-16
0.008,2018-09-17
0.833,2018-09-18
0,2018-09-19
0,2018-09-20
0,2018-09-21
0.009,2018-09-22
0,2018-09-23
0,2018-09-24
2.462,2018-09-25
0.432,2018-09-26
0.008,2018-09-27
0.373636363636364,2018-09-28
0,2018-09-29
0,2018-09-30
0.066,2018-10-01
1.198,2018-10-02
0.018,2018-10-03
0.008,2018-10-04
0,2018-10-05
0,2018-10-06
0.008,2018-10-07
0.004,2018-10-08
0.003,2018-10-09
0,2018-10-10
0.74,2018-10-11
0.168,2018-10-12
0.118,2018-10-13
0,2018-10-14
0.152,2018-10-15
0.01,2018-10-16
0.00111111111111111,2018-10-17
0,2018-10-18
0,2018-10-19
0.018,2018-10-20
0.02,2018-10-21
0,2018-10-22
0.018,2018-10-23
0,2018-10-24
0,2018-10-25
0,2018-10-26
0.679,2018-10-27
0.022,2018-10-28
0.177,2018-10-29
0,2018-10-30
0,2018-10-31
0,2018-11-01
0.647,2018-11-02
0.659,2018-11-03
0,2018-11-04
0.202727272727273,2018-11-05
0.423,2018-11-06
0,2018-11-07
0,2018-11-08
0.753,2018-11-09
0.023,2018-11-10
0,2018-11-11
0.012,2018-11-12
1.068,2018-11-13
0,2018-11-14
0,2018-11-15
0.194,2018-11-16
0,2018-11-17
0,2018-11-18
0.0144444444444444,2018-11-19
0.048,2018-11-20
0,2018-11-21
0,2018-11-22
0,2018-11-23
0.291,2018-11-24
0.418,2018-11-25
0.789,2018-11-26
0.098,2018-11-27
0,2018-11-28
0,2018-11-29
0.00388888888888889,2018-11-30
0.03,2018-12-01
0.669,2018-12-02
0.001,2018-12-03
0,2018-12-04
0,2018-12-05
0,2018-12-06
0,2018-12-07
0,2018-12-08
0,2018-12-09
0,2018-12-10
0,2018-12-11
0,2018-12-12
0,2018-12-13
0.001,2018-12-14
0.031,2018-12-15
0.481,2018-12-16
0.013,2018-12-17
0,2018-12-18
0,2018-12-19
0.08,2018-12-20
2.041,2018-12-21
0.021,2018-12-22
0,2018-12-23
0.033,2018-12-24
0,2018-12-25
0,2018-12-26
0,2018-12-27
0.639,2018-12-28
0,2018-12-29
0,2018-12-30
0.427647058823529,2018-12-31
